,x,y,cluster_lables
0,61.886002,159.761993,19
1,335.018005,114.391998,0
2,232.563995,260.798004,1
3,491.881989,177.149994,9
4,199.119003,108.886002,-1
5,410.052002,269.269989,13
6,290.984009,54.073002,2
7,560.887024,86.239998,3
8,248.358994,106.612999,-1
9,231.328995,271.434998,1
10,272.196014,206.315002,-1
11,238.046997,261.703003,1
12,67.720001,196.779007,4
13,215.921997,200.166,5
14,162.335999,67.232002,6
15,69.013,138.544998,19
16,548.560974,176.337997,16
17,83.013,58.655998,8
18,545.895996,55.25,3
19,534.567993,90.496002,3
20,354.722992,153.785995,-1
21,379.074005,243.886993,13
22,421.915985,163.764008,-1
23,478.622986,275.459991,-1
24,261.760986,164.852005,7
25,520.491028,66.378998,3
26,553.258972,237.582001,21
27,265.649994,138.307007,7
28,548.486023,220.992004,21
29,391.779999,244.018997,13
30,497.06601,148.341995,9
31,572.872986,252.632996,21
32,156.160004,59.296001,6
33,93.639999,48.084999,8
34,346.230011,70.903,2
35,279.372009,241.906006,1
36,484.321014,75.917,12
37,494.813995,183.138,9
38,277.936005,62.653,2
39,414.031006,205.598007,27
40,536.010986,53.138,-1
41,96.617996,56.099998,8
42,77.801003,92.971001,8
43,507.934998,133.972,9
44,510.804993,139.358002,9
45,535.390015,104.135002,3
46,535.788025,142.865005,9
47,195.572998,111.744003,-1
48,166.983994,263.717987,-1
49,508.825989,158.867996,9
50,215.792999,130.076004,5
51,329.570007,132.300995,0
52,147.923004,165.705002,14
53,390.181,161.384995,18
54,202.994995,152.832993,5
55,547.692993,210.080002,16
56,290.17099,179.949005,-1
57,216.414993,267.229004,1
58,189.298996,255.026001,10
59,333.187012,60.771,2
60,360.229004,133.093002,0
61,66.374001,127.314003,19
62,565.38501,246.927002,21
63,402.046997,63.585999,11
64,541.794006,139.561005,9
65,227.294006,113.752998,15
66,339.123993,51.943001,2
67,71.392998,193.794006,4
68,561.125,129.628998,9
69,291.71701,191.910004,-1
70,343.856995,109.585999,0
71,349.393005,113.518997,0
72,510.358002,208.128006,-1
73,477.661987,65.908997,12
74,261.072998,268.122009,1
75,181.139999,270.994995,10
76,530.754028,84.464996,3
77,266.78299,246.707001,1
78,181.018005,255.781006,10
79,125.162003,181.613998,-1
80,291.459015,46.542999,2
81,417.256989,266.311005,13
82,201.248001,259.06601,10
83,134.298004,161.147995,25
84,462.648987,244.507996,-1
85,149.651001,152.238007,14
86,399.671997,215.238998,-1
87,414.661987,191.563004,27
88,131.807007,58.868999,6
89,394.403015,161.167007,18
90,211.703995,130.822006,5
91,400.252991,74.403999,11
92,207.376999,58.710999,-1
93,563.04303,139.074005,9
94,142.352005,116.903,20
95,564.638,219.406998,21
96,289.040009,199.561996,-1
97,480.023987,49.464001,12
98,363.566986,117.723,0
99,164.360992,132.636002,-1
100,164.315002,154.537003,14
101,281.237,142.867004,7
102,151.940994,161.503998,14
103,218.419998,124.096001,15
104,561.526978,246.675003,21
105,204.056,162.710007,5
106,513.104004,116.419998,9
107,369.890991,64.986,2
108,403.311005,104.115997,24
109,200.798996,201.182999,5
110,540.445007,180.337006,16
111,421.574005,265.445007,13
112,262.917999,235.671005,1
113,408.63501,276.557007,13
114,346.843994,263.665985,17
115,59.487999,190.242004,4
116,85.102997,213.378998,-1
117,422.622009,249.477005,13
118,379.778992,217.906006,-1
119,398.009003,250.375,13
120,400.584991,182.011993,23
121,337.408997,268.332001,17
122,401.821014,154.903,18
123,513.702026,95.480003,-1
124,349.541992,207.535004,-1
125,405.384003,43.504002,11
126,190.367004,245.121002,10
127,376.337006,271.539001,13
128,148.061005,151.300003,14
129,269.731995,268.184998,1
130,90.420998,107.219002,-1
131,385.501007,138.544006,18
132,470.778015,64.514999,12
133,79.896004,213.537003,-1
134,151.278,130.375,20
135,78.025002,187.731003,4
136,542.622986,159.645996,9
137,128.904007,235.768997,-1
138,211.197998,54.983002,-1
139,190.509995,48.826,-1
140,68.786003,216.138,4
141,427.845001,267.89801,13
142,132.932999,273.911987,28
143,76.681,110.650002,-1
144,195.630005,74.384003,-1
145,354.207001,259.140015,17
146,290.790009,255.352997,-1
147,549.120972,117.280998,-1
148,141.671005,76.371002,6
149,279.186005,179.358994,7
150,356.355988,92.555,0
151,546.401978,145.057007,9
152,274.911987,59.731998,2
153,472.806,201.755005,-1
154,540.771973,276.734009,-1
155,412.819,105.233002,24
156,518.387024,180.201996,-1
157,119.842003,268.526001,28
158,503.156006,61.681999,12
159,294.125,224.75,-1
160,53.092999,193.820007,4
161,346.269989,264.984985,17
162,272.877991,233.576996,-1
163,210.139999,129.429993,5
164,260.369995,204.744995,-1
165,395.510986,211.983994,-1
166,536.698975,80.467003,3
167,356.444,73.246002,0
168,373.739014,264.848999,13
169,192.514008,272.557007,10
170,516.973999,181.807999,-1
171,266.774994,131.494003,7
172,572.869019,98.389999,3
173,356.980011,89.637001,0
174,289.987,63.035,2
175,148.779007,186.042999,-1
176,84.860001,297.131989,-1
177,396.028992,279.372986,13
178,396.803009,250.009995,13
179,149.716995,121.924004,20
180,198.397003,142.041,5
181,284.217987,176.977005,7
182,401.636993,105.727997,24
183,70.379997,198.662003,4
184,289.226013,149.216003,7
185,265.390991,114.337997,-1
186,352.503998,182.990005,-1
187,286.233002,152.218994,7
188,291.199005,227.565994,-1
189,493.958008,84.598999,12
190,384.222992,57.624001,11
191,130.584,128.050003,20
192,132.768005,78.337997,6
193,66.473999,174.576004,4
194,210.781006,205.964996,5
195,355.016998,267.210999,17
196,369.204987,174.966995,-1
197,389.222992,144.348007,18
198,71.149002,141.330002,19
199,313.598999,78.346001,2
200,204.378006,252.125,10
201,222.322006,183.748993,5
202,418.875,219.981003,-1
203,578.445984,221.154007,21
204,226.574005,195.639008,5
205,227.679001,139.279999,5
206,88.860001,211.033997,-1
207,261.006989,151.738998,7
208,316.924988,50.752998,2
209,102.058998,46.459,8
210,224.626007,239.764008,1
211,412.403015,132.520996,18
212,56.362999,197.069,4
213,530.359009,138.888,9
214,526.765991,157.602997,9
215,316.954987,53.68,2
216,502.063995,149.160004,9
217,167.651001,259.893005,10
218,475.854004,203.987,-1
219,576.185974,84.440002,3
220,420.321991,76.218002,11
221,185.432999,84.163002,-1
222,227.223999,158.391998,5
223,85.685997,111.491997,-1
224,230.994003,251.839005,1
225,382.76001,280.609009,13
226,79.976997,118.987999,19
227,64.683998,55.047001,-1
228,71.569,196.033997,4
229,144.223007,156.462006,14
230,292.071014,46.103001,2
231,69.974998,132.380997,19
232,306.765015,44.208,2
233,562.284973,76.529999,3
234,519.390015,176.703003,-1
235,523.002991,212.539993,-1
236,151.774994,180.085007,25
237,184.548004,47.726002,-1
238,433.235992,278.531006,13
239,128.449005,84.452003,6
240,151.501999,254.574005,-1
241,277.441986,66.188004,2
242,327.09201,273.567993,17
243,152.774994,65.592003,6
244,311.225006,51.358002,2
245,158.488007,69.253998,6
246,258.673004,273.979004,1
247,441.143005,241.322006,-1
248,202.772995,194.839005,5
249,120.263,51.131001,6
250,174.345001,72.956001,6
251,276.882996,209.966995,-1
252,543.971985,224.998001,21
253,334.299988,91.710999,0
254,501.61499,182.664001,9
255,291.615997,250.156998,-1
256,153.311005,263.10199,-1
257,267.799988,124.889,7
258,284.661011,208.294006,-1
259,190.714005,187.475006,5
260,542.658997,228.742004,21
261,488.375,60.949001,12
262,357.195007,148.770004,-1
263,66.571999,113.200996,-1
264,324.813995,141.093994,-1
265,212.175003,147.067001,5
266,510.31601,202.548004,-1
267,519.232971,130.768005,9
268,92.253998,303.213989,-1
269,78.402,137.251007,19
270,426.372986,253.619995,13
271,517.195984,185.876999,-1
272,238.578003,161.414001,-1
273,415.916992,79.595001,11
274,278.977997,46.159,2
275,223.197006,185.781006,5
276,263.864014,216.475006,-1
277,256.541992,258.031006,1
278,64.656998,54.803001,-1
279,147.130005,242.684006,22
280,373.372009,200.987,-1
281,107.152,72.626999,8
282,220.291,210.705994,5
283,277.278992,257.68399,1
284,136.098999,206.222,22
285,301.481995,46.181999,2
286,139.177002,243.384003,22
287,95.250999,66.943001,8
288,121.459999,76.32,6
289,468.485992,210.714005,-1
290,347.970001,47.127998,2
291,362.390991,51.169998,2
292,91.730003,142.959,19
293,225.856003,186.647003,5
294,183.056,250.378006,10
295,149.222,181.964005,25
296,424.144989,119.377998,-1
297,201.113007,106.473,15
298,521.619995,73.024002,3
299,305.721008,66.884003,2
300,331.835999,118.959999,0
301,411.96701,265.776001,13
302,441.348999,268.003998,13
303,550.705994,92.019997,3
304,364.785004,119.820999,0
305,544.726013,69.011002,3
306,118.856003,47.445999,6
307,124.733002,60.070999,6
308,341.549011,120.235001,0
309,268.679993,261.174011,1
310,341.21701,278.196014,17
311,434.614014,279.737,13
312,368.953003,243.751007,-1
313,198.225006,263.127014,10
314,569.411987,126.18,-1
315,559.492981,202.929001,16
316,242.837997,254.589996,1
317,553.835022,49.368,-1
318,534.151978,149.563995,9
319,507.782013,160.246994,9
320,350.753998,55.499001,2
321,233.992004,67.237999,-1
322,527.197998,149.315002,9
323,343.549011,46.727001,2
324,499.919006,145.927002,9
325,506.218994,120.822998,9
326,471.553009,276.454987,26
327,530.539978,116.851997,-1
328,354.109985,62.550999,2
329,423.511993,261.36499,13
330,538.719971,102.597,3
331,188.880005,255.578003,10
332,138.436996,237.199997,22
333,561.390991,166.669006,9
334,480.855011,69.706001,12
335,548.219971,46.028,-1
336,239.175995,248.029999,1
337,492.403992,184.427002,9
338,129.623001,252.024994,28
339,139.75,131.434998,20
340,62.035999,153.669998,19
341,160.806,111.646004,-1
342,247.602997,240.240997,1
343,72.469002,113.908997,-1
344,385.917999,201.927994,-1
345,510.216003,128.727997,9
346,331.816986,108.257004,0
347,290.115997,119.855003,-1
348,147.063995,258.054993,28
349,512.482971,127.595001,9
350,282.67099,174.960007,7
351,549.221008,246.082001,-1
352,294.255005,106.903999,-1
353,503.161011,106.442001,9
354,481.21701,78.433998,12
355,538.679016,132.690994,9
356,174.334,271.022003,10
357,360.380005,194.438995,-1
358,235.975998,272.946014,1
359,478.779999,277.852997,-1
360,567.010986,237.419998,21
361,155.979004,225.854004,22
362,544.468018,118.907997,9
363,210.472,98.044998,15
364,426.225006,270.431,13
365,219.279007,273.066986,1
366,226.710999,93.167999,-1
367,244.084,258.311005,1
368,509.84201,177.705002,9
369,409.25,52.077,11
370,472.22699,260.640015,26
371,150.268005,160.546005,14
372,374.811005,210.587997,-1
373,94.894997,154.832993,19
374,330.697998,39.766998,2
375,77.198997,129.893005,19
376,337.140991,38.352001,2
377,415.683014,190.25,27
378,190.848999,242.914993,10
379,258.235992,140.729004,7
380,559.034973,98.403999,3
381,460.225006,249.606003,-1
382,539.830017,113.672997,-1
383,563.705994,121.254997,-1
384,293.665985,75.489998,2
385,267.605011,141.725006,7
386,297.635986,66.303001,2
387,529.844971,77.046997,3
388,123.536003,50.318001,6
389,155.072006,220.078003,22
390,292.312988,277.141998,-1
391,388.643005,121.815002,18
392,60.506001,167.048004,-1
393,473.048004,62.032001,12
394,414.713989,140.376007,18
395,151.050003,69.934998,6
396,146.526001,240.363007,22
397,370.214996,207.028,-1
398,211.542007,250.908997,1
399,549.843018,181.692001,16
400,81.772003,150.205994,19
401,203.218994,273.104004,-1
402,329.117004,71.436996,2
403,566.101013,250.378998,21
404,347.60199,159.960999,-1
405,97.103996,61.82,8
406,543.393005,141.820999,9
407,331.946991,267.846008,17
408,284.890015,222.735992,-1
409,548.896973,174.378006,9
410,164.591995,75.362999,6
411,403.730011,171.363998,23
412,431.484009,243.117004,13
413,133.927002,270.428986,28
414,495.459991,65.116997,12
415,397.511993,188.020996,27
416,545.249023,85.463997,3
417,176.014999,265.403992,10
418,91.367996,73.508003,8
419,553.254028,215.649994,21
420,501.800995,200.304993,-1
421,436.540009,257.924988,13
422,358.554993,90.630997,0
423,250.998993,253.179993,1
424,283.674011,250.115997,1
425,153.108002,141.307999,14
426,121.489998,262.309998,28
427,127.917,254.292999,28
428,409.197998,106.444,24
429,163.837997,199.716995,22
430,61.004002,79.416,-1
431,191.531998,90.352997,-1
432,266.860992,142.947998,7
433,287.078003,141.289993,7
434,290.604004,58.910999,2
435,395.664001,268.230988,13
436,360.390015,211.813004,-1
437,226.981003,247.996002,1
438,216.210007,85.133003,-1
439,161.460007,81.219002,6
440,202.397995,159.580002,5
441,202.052994,144.475006,5
442,299.502014,75.575996,2
443,129.001007,275.303986,28
444,92.994003,157.410995,19
445,324.585999,93.825996,0
446,143.013,169.154007,25
447,549.473022,52.441002,-1
448,565.211975,212.121002,21
449,147.503006,84.918999,-1
450,219.237,255.675995,1
451,369.660004,279.217987,-1
452,386.936005,228.511993,-1
453,272.838013,162.472,7
454,211.216995,107.484001,15
455,467.213989,264.063995,26
456,67.833,54.889999,-1
457,153.807007,214.440002,22
458,402.792999,136.733994,18
459,279.179993,169.589996,7
460,247.244003,248.746002,1
461,214.585007,163.477997,5
462,132.436996,149.981995,20
463,268.496002,232.936996,-1
464,183.729996,260.953003,10
465,262.563995,132.020996,7
466,488.80899,60.066002,12
467,346.871002,247.901993,17
468,172.505005,60.905998,6
469,155.735001,197.669006,22
470,355.82901,271.862,17
471,532.47998,169.589005,9
472,275.242004,154.024994,7
473,262.21701,214.139008,-1
474,228.167999,167.130005,5
475,60.188999,189.382004,4
476,71.369003,203.860001,4
477,193.518997,141.649994,5
478,481.200012,178.899002,-1
479,145.477005,158.410995,14
480,357.243988,113.903999,0
481,85.195999,142.287003,19
482,210.035004,87.678001,-1
483,132.328003,62.821999,6
484,477.617004,264.890015,26
485,448.352997,242.447006,-1
486,422.730988,273.544006,13
487,89.177002,215.647003,-1
488,219.356995,194.393005,5
489,276.653992,103.971001,-1
490,189.682007,238.873001,10
491,116.917999,83.060997,6
492,279.183014,144.548004,7
493,569.052979,115.335999,-1
494,251.781006,239.649002,1
495,409.101013,49.183998,11
496,513.117004,108.052002,9
497,200.832993,190.582001,5
498,352.760986,126.170998,0
499,508.886993,132.992996,9
500,342.86499,120.480003,0
501,163.940002,270.619995,-1
502,575.312988,77.572998,3
503,103.685997,185.360001,-1
504,396.987,144.664993,18
505,349.929993,94.293999,0
506,512.106018,101.989998,9
507,185.212997,65.162003,-1
508,391.243988,132.559006,18
509,129.136993,167.574005,25
510,410.542999,156.339005,18
511,335.802002,94.024002,0
512,94.175003,70.234001,8
513,142.046005,107.481003,-1
514,178.492004,76.200996,6
515,195.669998,78.660004,-1
516,70.012001,200.059006,4
517,318.859985,77.413002,2
518,490.020996,150.811996,9
519,130.925003,240.951004,-1
520,359.783997,47.894001,2
521,494.333008,148.839005,9
522,251.414001,110.525002,-1
523,543.453003,223.181,21
524,550.224976,150.130997,9
525,197.339996,243.697998,10
526,125.953003,73.598999,6
527,479.428009,244.960007,-1
528,557.531006,122.124001,-1
529,227.149002,67.248001,-1
530,457.240997,249.281006,-1
531,159.681,70.724998,6
532,549.35199,80.389999,3
533,61.042,64.182999,-1
534,198.897003,253.876007,10
535,421.881012,190.509003,-1
536,300.368988,59.469002,2
537,329.877014,142.429993,0
538,85.982002,56.124001,8
539,149.348999,79.222,6
540,288.372986,127.722,7
541,554.960999,217.300995,21
542,443.480988,264.273987,13
543,482.0,79.877998,12
544,207.158005,164.320007,5
545,535.874023,44.970001,-1
546,523.877991,92.525002,3
547,93.054001,132.608002,19
548,522.210999,188.498993,-1
549,575.210022,250.763,21
550,268.593994,171.533997,7
551,540.041992,171.283997,9
552,420.90799,180.136993,-1
553,271.567993,240.473999,1
554,199.862,46.925999,-1
555,290.700989,77.206001,2
556,176.942993,53.591999,6
557,389.829987,247.710007,13
558,206.143997,142.636002,5
559,533.627014,186.195007,16
560,206.414993,257.927002,1
561,158.994995,199.822998,22
562,61.004002,100.904999,-1
563,483.17099,50.862,12
564,518.890015,150.270996,9
565,453.713989,266.859985,26
566,396.809998,195.477997,27
567,363.756989,60.52,2
568,532.002991,56.504002,-1
569,79.803001,62.824001,8
570,192.397995,53.455002,-1
571,407.127014,62.276001,11
572,573.583984,69.052002,3
573,261.571014,188.848007,-1
574,419.421997,147.348007,18
575,273.054993,262.613007,1
576,72.666,165.860992,-1
577,101.748001,66.971001,8
578,207.436996,191.764999,5
579,393.756012,185.994995,27
580,418.17099,128.664001,-1
581,379.566986,281.993011,-1
582,378.123993,193.695007,-1
583,215.729004,210.022995,5
584,353.57901,116.357002,0
585,217.195007,240.130005,1
586,347.806,259.369995,17
587,399.25,141.800995,18
588,180.645004,54.456001,-1
589,93.490997,299.006989,-1
590,63.606998,151.695999,19
591,208.871994,154.360001,5
592,353.997009,115.398003,0
593,532.25,107.057999,-1
594,354.822998,93.374001,0
595,340.440002,256.450989,17
596,142.858002,48.988998,6
597,153.576996,225.175003,22
598,349.295013,257.126007,17
599,543.416992,145.822006,9
600,68.612,153.464005,19
601,535.833984,112.967003,-1
602,344.229004,97.662003,0
603,354.312988,103.833,0
604,136.248001,133.313995,20
605,535.057983,135.837997,9
606,101.283997,169.285995,-1
607,335.578003,55.903,2
608,72.195999,101.547997,-1
609,328.69101,92.542,0
610,274.523987,229.755997,-1
611,532.263977,197.468002,-1
612,472.984985,190.003006,-1
613,534.809998,141.076996,9
614,216.207993,141.647003,5
615,361.263,221.348007,-1
616,346.876007,273.544006,17
617,527.489014,87.237999,3
618,543.424988,191.574997,16
619,529.341003,45.686001,-1
620,200.395004,161.091995,5
621,254.436996,265.364014,1
622,162.817993,242.522995,10
623,572.903015,85.124001,3
624,514.575012,62.546001,-1
625,419.365997,59.696999,11
626,260.190002,140.643005,7
627,146.339005,189.345001,-1
628,130.085999,180.100998,-1
629,506.928986,79.713997,-1
630,132.470993,201.160004,-1
631,140.968002,183.278,25
632,212.822006,192.042007,5
633,550.854004,103.124001,3
634,228.774002,69.528,-1
635,362.654999,110.040001,0
636,408.890015,152.257996,18
637,162.468002,250.764999,-1
638,261.649994,208.044006,-1
639,553.500977,154.315994,9
640,169.112,245.740997,10
641,225.197006,186.718002,5
642,565.843994,142.675003,9
643,539.687012,274.981995,-1
644,562.98999,238.179993,21
645,390.927002,163.899002,18
646,222.110992,213.710999,5
647,524.30603,114.746002,9
648,209.393997,275.957001,-1
649,410.47699,219.197006,-1
650,297.454987,71.600998,2
651,422.678986,276.143005,13
652,187.852997,243.001007,10
653,456.785004,245.625,-1
654,227.597,203.865005,5
655,153.098999,206.412003,22
656,112.987999,56.862999,6
657,389.752991,76.577003,-1
658,531.564026,212.889008,-1
659,541.598999,82.504997,3
660,329.584015,134.557999,0
661,267.565002,257.904999,1
662,87.149002,105.044998,-1
663,325.776001,63.491001,2
664,560.133972,192.854004,16
665,344.683014,151.951004,-1
666,535.388977,201.723007,16
667,468.587006,54.729,12
668,147.746994,109.280998,-1
669,209.352005,163.417999,5
670,534.346008,130.380005,9
671,348.069,213.740005,-1
672,307.914001,61.425999,2
673,193.638,136.675995,5
674,517.392029,111.627998,9
675,168.860992,247.679001,10
676,406.5,252.669998,13
677,328.947998,102.016998,0
678,329.035004,165.356995,-1
679,471.800995,186.662003,-1
680,368.45401,216.248001,-1
681,189.001999,241.363998,10
682,62.486,89.726997,-1
683,315.82901,50.269001,2
684,213.016006,128.927002,5
685,461.339996,254.061996,26
686,229.733002,115.064003,15
687,214.184006,111.556999,15
688,496.278992,160.412003,9
689,460.066986,256.363007,26
690,385.279999,41.521,-1
691,533.117004,49.653,-1
692,406.098999,193.134003,27
693,544.294006,47.009998,-1
694,68.808998,142.800003,19
695,141.800003,209.253006,22
696,129.748001,55.966,6
697,263.815002,252.401993,1
698,484.591003,82.075996,12
699,177.688004,241.701996,10
700,273.93399,147.692001,7
701,210.033997,137.121994,5
702,158.070007,206.181,22
703,529.762024,76.723,3
704,553.565979,83.264,3
705,395.595001,55.949001,11
706,433.756989,244.091995,13
707,391.735992,257.346008,13
708,342.096008,281.688995,17
709,129.326996,172.164001,25
710,222.667007,173.388,5
711,187.235992,251.003998,10
712,492.869995,162.337997,9
713,493.729004,277.377991,-1
714,316.996002,56.977001,2
715,141.350998,264.679993,28
716,210.878006,245.869003,1
717,95.623001,71.558998,8
718,549.434998,209.464005,16
719,545.179016,72.568001,3
720,373.123993,191.567993,-1
721,354.809998,268.477997,17
722,89.891998,213.235001,-1
723,536.372009,86.765999,3
724,231.393005,185.695007,5
725,151.279999,138.020004,14
726,520.909973,163.570007,9
727,562.953979,85.014,3
728,294.654999,73.823997,2
729,449.468994,245.123993,-1
730,165.244003,47.495998,6
731,125.480003,187.854996,-1
732,76.922997,82.695999,8
733,76.144997,176.216003,4
734,412.602997,200.645004,27
735,225.703995,255.697998,1
736,472.997009,274.916992,26
737,397.731995,253.509003,13
738,365.975006,210.569,-1
739,506.437012,197.776001,-1
740,516.14801,52.172001,-1
741,448.886993,278.652008,26
742,348.056,218.735992,-1
743,312.227997,63.512001,2
744,337.067993,150.177994,-1
745,507.433014,79.363998,-1
746,369.674988,169.348007,-1
747,529.692993,77.474998,3
748,422.665985,106.292999,24
749,152.576004,47.124001,6
750,375.487,46.979,-1
751,406.261993,62.543999,11
752,426.364014,216.625,-1
753,181.352005,251.063004,10
754,227.830994,201.326996,5
755,221.811996,95.016998,-1
756,132.498993,55.147999,6
757,401.492004,255.113998,13
758,292.648987,234.214005,-1
759,242.179993,260.489014,1
760,109.516998,281.654999,-1
761,325.304993,280.856995,-1
762,395.265015,108.216003,24
763,447.013,245.186996,-1
764,73.737999,118.968002,19
765,548.351013,224.707001,21
766,528.573975,195.643997,-1
767,326.237,259.876007,17
768,514.103027,47.379002,-1
769,412.299011,59.771,11
770,422.720001,256.796997,13
771,560.406982,231.531006,21
772,219.018005,101.085999,15
773,273.446991,243.298996,1
774,285.927002,62.460999,2
775,243.643005,230.742004,-1
776,300.681,44.574001,2
777,88.924004,82.487,8
778,537.130981,166.182007,9
779,394.609985,101.748001,24
780,89.092003,116.801003,-1
781,195.296997,76.547997,-1
782,61.605,138.235992,19
783,470.955994,67.253998,12
784,92.164001,188.651001,4
785,52.960999,192.052994,4
786,363.701996,176.033997,-1
787,211.171005,157.660004,5
788,406.287994,167.341003,18
789,347.536011,195.406998,-1
790,212.194,108.508003,15
791,348.100006,269.109009,17
792,360.313995,152.854004,-1
793,324.967987,252.936005,-1
794,132.507996,65.182999,6
795,147.830002,143.212006,14
796,260.10199,164.856003,7
797,164.75,61.876999,6
798,170.376007,76.823997,6
799,284.506012,74.153999,2
800,562.98999,223.001007,21
801,561.802002,247.619003,21
802,195.600006,81.500999,-1
803,235.358994,271.217987,1
804,547.708008,182.546005,16
805,481.309998,60.062,12
806,358.871002,117.463997,0
807,336.821991,83.575996,0
808,64.650002,119.554001,19
809,127.745003,218.070007,-1
810,123.126999,271.088989,28
811,170.173004,81.502998,6
812,372.61499,263.140991,13
813,367.287994,185.893005,-1
814,76.567001,74.444,8
815,183.585999,251.011993,10
816,481.955994,272.21701,-1
817,193.589996,151.453995,5
818,424.880005,183.518005,-1
819,359.428009,231.233994,-1
820,395.209015,264.727997,13
821,539.015015,251.828003,-1
822,387.550995,251.595001,13
823,406.401001,229.623001,-1
824,148.682007,261.688995,-1
825,127.347,137.867996,20
826,417.294006,45.928001,11
827,204.031998,58.139999,-1
828,133.354004,133.917999,20
829,545.275024,105.564003,3
830,129.417007,168.610001,25
831,404.246002,123.978996,18
832,275.837006,160.692001,7
833,215.507996,146.714996,5
834,403.368011,52.959999,11
835,198.410004,182.869003,5
836,422.47699,108.890999,24
837,501.006989,167.837997,9
838,521.510986,161.160995,9
839,550.231018,155.651001,9
840,352.466003,186.552002,-1
841,151.953995,226.488007,22
842,145.011002,215.367996,22
843,224.807999,243.447998,1
844,354.967987,133.863007,0
845,296.312012,71.641998,2
846,209.255997,124.014999,5
847,346.359985,242.362,-1
848,409.876007,183.794998,23
849,518.846985,67.719002,3
850,131.587006,267.355011,28
851,277.062012,71.202003,2
852,548.497986,185.701004,16
853,282.406006,178.345001,7
854,214.360001,193.445999,5
855,92.309998,114.417999,-1
856,268.391998,256.173004,1
857,331.545013,122.625999,0
858,552.882996,68.396004,3
859,252.968002,107.222,-1
860,84.288002,91.324997,8
861,61.853001,47.318001,-1
862,286.64801,107.351997,-1
863,190.419998,73.082001,-1
864,562.932007,143.281998,9
865,220.977997,238.175995,1
866,84.398003,214.475998,-1
867,553.666992,90.945,3
868,573.133972,194.645996,-1
869,239.182007,80.820999,-1
870,224.886002,114.946999,15
871,169.487,259.277008,10
872,521.541992,146.820007,9
873,155.477005,210.311005,22
874,136.423004,80.696999,6
875,395.231995,166.227005,18
876,300.523987,76.870003,2
877,273.445007,114.406998,-1
878,501.244995,172.938995,9
879,368.399994,64.977997,2
880,229.850998,209.858002,5
881,248.994003,104.727997,-1
882,275.097992,212.727997,-1
883,349.217987,209.705994,-1
884,158.796005,139.455994,14
885,294.200012,248.401993,-1
886,532.630005,83.992996,3
887,232.552994,256.759003,1
888,132.281998,260.662994,28
889,76.065002,115.075996,19
890,415.313995,64.110001,11
891,500.386993,116.779999,9
892,332.199005,127.916,0
893,191.617996,60.403,-1
894,216.445007,200.932999,5
895,138.179993,62.924,6
896,330.074005,287.210999,-1
897,463.856995,277.718994,26
898,108.281998,81.346001,8
899,347.411987,128.75,0
900,477.907013,73.527,12
901,200.052002,211.112,5
902,539.065979,76.100998,3
903,446.694,280.018005,26
904,342.360992,61.355999,2
905,541.437012,127.388,9
906,163.261002,213.110992,22
907,145.300003,128.238998,20
908,284.971008,199.820007,-1
909,196.738998,157.087997,5
910,211.167007,175.386002,5
911,77.678001,71.556,8
912,358.826996,80.195999,0
913,90.598,90.808998,8
914,409.01001,61.855,11
915,351.351013,86.885002,0
916,190.714996,74.369003,-1
917,401.798004,104.116997,24
918,483.178009,260.342987,-1
919,499.634003,57.335999,12
920,570.909973,232.455994,21
921,562.664978,121.149002,-1
922,67.152,210.820007,4
923,126.899002,163.570999,-1
924,158.100006,110.815002,-1
925,498.759003,181.947998,9
926,342.653992,275.173004,17
927,155.740997,161.442001,14
928,384.003998,265.088989,13
929,388.457001,137.869995,18
930,518.135986,210.546997,-1
931,239.283997,239.162003,1
932,301.324005,50.778,2
933,426.550995,262.001007,13
934,344.822998,55.803001,2
935,218.242996,155.307007,5
936,416.662994,220.688004,-1
937,347.217987,209.832993,-1
938,560.362,79.742996,3
939,402.803009,65.416,11
940,159.326004,269.769012,-1
941,357.628998,93.792999,0
942,552.031006,210.136993,16
943,252.671005,274.213013,1
944,251.518005,243.097,1
945,271.109009,274.54599,1
946,551.643982,152.569,9
947,386.688995,169.123993,-1
948,52.344002,179.776993,4
949,353.147003,249.731995,17
950,238.884003,251.554001,1
951,381.270996,68.849998,-1
952,408.506989,43.807999,11
953,356.005005,57.119999,2
954,337.907013,56.360001,2
955,199.166,209.792999,5
956,99.115997,46.401001,8
957,281.196014,150.794998,7
958,432.701996,280.381012,13
959,147.623001,78.259003,6
960,60.66,56.916,-1
961,90.705002,131.218002,19
962,415.096008,246.511002,13
963,387.880005,274.058014,13
964,543.252991,184.397995,16
965,291.014008,43.139999,2
966,473.178009,247.636993,-1
967,200.917007,261.725006,10
968,79.999001,186.679993,4
969,432.45401,165.949997,-1
970,195.664001,77.321999,-1
971,218.197006,61.849998,-1
972,59.824001,68.827003,-1
973,289.388,59.5,2
974,84.938004,56.082001,8
975,556.090027,151.533005,9
976,440.270996,64.010002,-1
977,513.812988,125.782997,9
978,531.265015,214.408005,-1
979,197.643005,139.957993,5
980,565.041016,86.292999,3
981,122.588997,53.736,6
982,88.597,182.389999,4
983,393.666992,51.889999,11
984,370.583008,171.102997,-1
985,519.586975,213.574005,-1
986,499.975006,91.205002,-1
987,209.751007,86.030998,-1
988,457.54599,262.557007,26
989,393.84201,127.283997,18
990,78.542,177.619003,4
991,491.794006,179.240005,9
992,80.970001,216.709,-1
993,103.222,37.403,-1
994,64.198997,57.367001,-1
995,423.764008,50.272999,11
996,349.876007,138.703003,0
997,281.0,139.227997,7
998,225.755997,89.615997,-1
999,475.885986,209.386993,-1
1000,495.447998,150.481003,9
1001,545.689026,74.203003,3
1002,400.088013,276.674011,13
1003,368.212006,270.364014,17
1004,203.602005,210.574005,5
1005,499.815002,69.160004,12
1006,367.002014,246.923004,-1
1007,269.665009,211.432999,-1
1008,272.628998,144.947998,7
1009,400.369995,146.070999,18
1010,389.932007,261.792999,13
1011,74.324997,106.800003,-1
1012,382.276001,263.369995,13
1013,548.625,227.503998,21
1014,564.463013,254.281998,21
1015,409.391998,48.765999,11
1016,397.699005,208.774002,-1
1017,564.213989,226.169006,21
1018,545.72998,151.968994,9
1019,350.088989,65.139999,2
1020,200.442001,128.953995,5
1021,332.214996,102.668999,0
1022,454.665985,264.80899,26
1023,567.562988,226.748993,21
1024,145.263,48.782001,6
1025,284.824005,129.735001,7
1026,152.677002,50.536999,6
1027,415.431,255.132004,13
1028,262.792999,121.940002,7
1029,488.096008,255.580994,-1
1030,382.852997,52.028999,11
1031,513.607971,131.033005,9
1032,328.455994,114.790001,0
1033,555.552979,150.776001,9
1034,369.837006,268.86499,13
1035,434.536011,247.975006,13
1036,201.291,160.020996,5
1037,386.052002,215.863998,-1
1038,139.404999,51.455002,6
1039,286.954987,161.296997,7
1040,551.562012,155.009003,9
1041,403.162994,171.524994,23
1042,485.057007,79.650002,12
1043,163.871994,153.645996,14
1044,550.619995,177.248993,16
1045,387.691986,116.278999,24
1046,409.237,270.343994,13
1047,185.371994,241.162003,10
1048,373.704987,268.423004,13
1049,360.536987,72.241997,2
1050,509.63501,154.072998,9
1051,69.291,61.199001,-1
1052,542.525024,151.414001,9
1053,354.088989,197.016998,-1
1054,314.563995,50.223999,2
1055,378.036987,192.848007,-1
1056,403.403015,52.613998,11
1057,109.264999,78.318001,8
1058,181.701004,269.632996,10
1059,570.518005,251.044006,21
1060,229.613998,169.270004,5
1061,402.804993,138.871002,18
1062,293.671997,119.443001,-1
1063,84.07,89.035004,8
1064,71.992996,181.289993,4
1065,327.640991,110.168999,0
1066,412.708008,116.077003,24
1067,158.850006,221.781998,22
1068,192.421005,179.610992,-1
1069,491.352997,156.688995,9
1070,333.07901,89.898003,0
1071,344.020996,118.731003,0
1072,424.43399,247.220993,13
1073,374.791992,248.550995,13
1074,79.898003,94.376999,8
1075,155.990997,66.019997,6
1076,211.528,77.867996,-1
1077,410.087006,163.792999,18
1078,137.085999,122.181999,20
1079,191.794006,46.676998,-1
1080,547.754028,66.064003,3
1081,179.580002,48.883999,-1
1082,81.209,135.746994,19
1083,548.224976,73.986,3
1084,498.444,135.291,9
1085,231.009995,268.598999,1
1086,131.281006,77.318001,6
1087,561.961975,87.594002,3
1088,348.554993,68.700996,2
1089,158.403,64.912003,6
1090,273.455994,254.770004,1
1091,407.002991,218.210999,-1
1092,82.142998,135.740005,19
1093,432.497009,132.975998,-1
1094,405.983002,141.934006,18
1095,352.182007,161.802002,-1
1096,510.713013,185.669006,-1
1097,337.386993,59.169998,2
1098,163.408997,80.190002,6
1099,196.375,155.806,5
1100,137.955002,261.915985,28
1101,77.561996,152.847,19
1102,152.582993,233.044006,22
1103,543.603027,146.492996,9
1104,322.621002,78.266998,2
1105,422.757996,55.334999,11
1106,224.154999,203.641998,5
1107,349.113007,66.130997,2
1108,124.369003,73.347,6
1109,520.66803,136.209,9
1110,294.083008,214.869003,-1
1111,278.92099,205.591995,-1
1112,455.807007,272.334991,26
1113,153.492004,279.490997,-1
1114,59.354,60.783001,-1
1115,311.941986,68.831001,2
1116,390.894989,249.212006,13
1117,191.746994,109.012001,-1
1118,406.338989,131.964005,18
1119,387.545013,52.573002,11
1120,157.175995,150.733994,14
1121,511.958008,134.334,9
1122,331.050995,50.789001,2
1123,150.615005,111.448997,-1
1124,531.544006,143.871002,9
1125,261.178986,118.630997,7
1126,146.664001,125.167,20
1127,110.658997,48.998001,-1
1128,292.799988,252.580994,-1
1129,566.68103,102.698997,3
1130,218.171997,164.054993,5
1131,395.483002,272.714996,13
1132,478.955994,254.798996,26
1133,210.899994,204.916,5
1134,546.711975,76.858002,3
1135,162.253006,72.416,6
1136,421.174011,125.959,-1
1137,242.358002,237.294006,1
1138,225.037994,176.438995,5
1139,490.446991,165.854004,9
1140,275.398987,152.445999,7
1141,566.265015,243.324005,21
1142,60.146999,98.570999,-1
1143,513.330017,167.789993,9
1144,128.167007,259.325012,28
1145,556.304993,223.910995,21
1146,213.772003,59.259998,-1
1147,142.233994,138.942993,20
1148,221.289993,96.490997,-1
1149,203.360001,126.069,5
1150,137.432999,126.93,20
1151,530.765991,48.160999,-1
1152,360.502991,152.576996,-1
1153,145.449005,86.084,-1
1154,541.122009,194.227997,16
1155,134.417007,52.091,6
1156,395.817993,46.476002,11
1157,269.628998,63.764,-1
1158,215.925995,109.172997,15
1159,329.477997,128.848999,0
1160,355.238007,83.797997,0
1161,287.777008,109.091003,-1
1162,123.197998,251.016006,28
1163,412.851013,67.483002,11
1164,566.072998,105.578003,-1
1165,190.520996,179.966003,-1
1166,574.432983,195.270996,-1
1167,541.859009,199.873001,16
1168,365.480011,56.105999,2
1169,225.919006,79.082001,-1
1170,341.674011,97.195,0
1171,566.414001,213.423996,21
1172,480.734009,58.637001,12
1173,413.729004,167.322998,23
1174,414.796997,144.279007,18
1175,540.669006,57.747002,-1
1176,407.362,269.161011,13
1177,463.781006,274.816986,26
1178,158.584,242.587006,22
1179,242.427002,270.033997,1
1180,565.315979,65.638,3
1181,254.158005,242.429001,1
1182,463.003998,270.692993,26
1183,75.415001,99.600998,-1
1184,147.063995,214.050003,22
1185,225.914001,55.264999,-1
1186,279.803986,165.302994,7
1187,226.281998,197.662994,5
1188,163.830994,233.488998,22
1189,363.854004,47.603001,2
1190,200.824997,206.253006,5
1191,293.401001,243.996002,-1
1192,223.682999,173.451004,5
1193,146.167999,135.145996,20
1194,146.964005,247.378006,22
1195,425.714996,280.05899,13
1196,528.35498,86.419998,3
1197,472.164001,61.863998,12
1198,468.888,64.033997,12
1199,519.077026,204.552994,-1
1200,568.268005,190.214996,-1
1201,295.596985,50.308998,2
1202,300.941986,60.09,2
1203,74.081001,201.977997,4
1204,517.11499,73.072998,3
1205,567.29303,242.352997,21
1206,138.891006,209.085999,22
1207,274.881989,138.589996,7
1208,127.887001,75.892998,6
1209,86.075996,90.980003,8
1210,392.770996,192.871994,27
1211,61.707001,155.115997,19
1212,225.089996,120.749001,15
1213,346.350006,275.971985,17
1214,405.240997,69.778,11
1215,98.751999,51.981998,8
1216,563.317993,118.402,-1
1217,179.617004,51.691002,-1
1218,367.772003,219.815002,-1
1219,290.678009,204.968002,-1
1220,273.027008,162.528,7
1221,81.0,90.343002,8
1222,574.534973,204.815994,21
1223,322.27301,72.911003,2
1224,525.450989,119.217003,9
1225,544.005981,88.240997,3
1226,470.552002,60.491001,12
1227,518.112976,69.364998,3
1228,574.348999,194.570007,-1
1229,161.865005,52.397999,6
1230,114.130997,79.511002,6
1231,547.051025,99.218002,3
1232,356.92099,128.712997,0
1233,505.205994,170.615005,9
1234,54.159,195.662003,4
1235,386.640015,70.344002,-1
1236,529.351013,76.204002,3
1237,292.04599,262.447998,-1
1238,192.205002,87.904999,-1
1239,393.638,167.595001,23
1240,363.511993,130.328003,0
1241,349.690002,103.777,0
1242,386.412994,207.781006,-1
1243,79.166,175.302002,4
1244,472.502014,202.294006,-1
1245,133.524002,263.893005,28
1246,522.56897,143.386993,9
1247,332.419006,41.672001,2
1248,522.846985,113.435997,9
1249,414.843994,115.852997,24
1250,282.81601,240.477997,-1
1251,231.207993,127.545998,15
1252,370.272003,176.632004,-1
1253,142.791,219.850998,22
1254,516.031006,212.134003,-1
1255,498.876007,161.296997,9
1256,521.856018,119.299004,9
1257,345.272003,134.223007,0
1258,229.779007,131.431,15
1259,259.895996,155.725998,7
1260,361.174011,216.332993,-1
1261,541.601013,115.146004,-1
1262,156.574005,221.246002,22
1263,432.035004,266.388,13
1264,369.665009,254.501999,-1
1265,330.14801,97.973999,0
1266,549.559998,160.891006,9
1267,215.468994,114.044998,15
1268,235.714996,244.175995,1
1269,86.282997,66.420998,8
1270,475.63501,236.895996,-1
1271,561.301025,135.785995,9
1272,348.619995,194.746994,-1
1273,232.518997,241.802002,1
1274,505.437988,113.452003,9
1275,529.919983,96.843002,3
1276,561.60199,90.638,3
1277,511.355011,95.764999,-1
1278,365.248993,255.057999,-1
1279,556.151978,81.008003,3
1280,566.335022,198.975006,21
1281,359.266998,209.529007,-1
1282,492.307007,80.651001,12
1283,206.908005,146.298004,5
1284,65.601997,79.469002,8
1285,331.848999,147.604996,-1
1286,436.924988,57.506001,-1
1287,562.875,150.884995,9
1288,343.376007,258.873993,17
1289,547.830994,197.477005,16
1290,423.063995,168.798004,-1
1291,271.22699,193.755997,-1
1292,391.359985,247.511993,13
1293,556.150024,59.806,3
1294,244.981003,264.563995,1
1295,492.848999,72.718002,12
1296,135.289001,245.548996,-1
1297,564.018982,64.426003,3
1298,210.860001,254.686996,1
1299,219.442993,252.328003,1
1300,264.609009,262.178986,1
1301,270.203003,201.830002,-1
1302,260.204987,112.299004,-1
1303,511.612,156.057007,9
1304,140.570999,166.013,25
1305,211.899002,130.162994,5
1306,558.403992,102.258003,3
1307,262.847992,264.533997,1
1308,527.645996,187.477005,16
1309,266.851013,168.518005,7
1310,59.775002,81.049004,-1
1311,215.238998,54.311001,-1
1312,291.014008,114.417999,-1
1313,213.619995,180.563004,5
1314,214.843002,172.462997,5
1315,133.242996,188.268997,-1
1316,105.146004,82.283997,8
1317,390.855011,171.494003,23
1318,256.729004,131.559006,7
1319,470.911987,77.287003,12
1320,343.436005,113.397003,0
1321,66.286003,186.770996,4
1322,400.096008,105.708,24
1323,359.059998,193.005005,-1
1324,566.065002,115.460999,-1
1325,210.018005,188.367004,5
1326,287.654999,252.906998,1
1327,536.640015,178.181,16
1328,419.197998,146.828003,18
1329,394.243988,134.580002,18
1330,562.294983,147.240997,9
1331,488.673004,58.338001,12
1332,552.203979,132.477005,9
1333,140.076004,265.937988,28
1334,536.35498,149.061005,9
1335,213.554993,117.502998,15
1336,188.839005,251.475998,10
1337,213.766998,216.972,5
1338,406.682007,56.266998,11
1339,325.346008,127.890999,0
1340,401.053986,186.143997,23
1341,363.537994,99.552002,0
1342,94.740997,52.375999,8
1343,224.044998,145.468994,5
1344,344.644989,193.173004,-1
1345,407.635986,67.966003,11
1346,162.917999,227.804993,22
1347,315.230988,48.380001,2
1348,417.812012,169.675003,23
1349,200.938004,48.734001,-1
1350,223.231995,273.674988,1
1351,344.546997,200.520996,-1
1352,327.716003,50.396,2
1353,389.433014,104.219002,24
1354,329.563995,287.127991,-1
1355,459.304993,264.795013,26
1356,560.119019,189.216995,16
1357,556.036987,143.209,9
1358,408.358002,69.888,11
1359,343.890015,58.602001,2
1360,190.688004,111.018997,-1
1361,91.918999,82.869003,8
1362,313.151001,73.536003,2
1363,77.250999,200.845993,4
1364,542.554016,154.572006,9
1365,504.143005,80.177002,12
1366,413.160004,160.242996,18
1367,402.673004,150.811005,18
1368,259.362,273.105011,1
1369,373.837006,75.223,2
1370,564.898987,147.729996,9
1371,406.830994,109.820999,24
1372,467.618011,63.502998,12
1373,62.442001,202.751007,4
1374,268.252991,195.134003,-1
1375,277.375,258.015015,1
1376,302.373993,59.970001,2
1377,144.595993,229.610001,22
1378,215.897995,75.504997,-1
1379,182.835999,99.32,-1
1380,201.216995,265.071014,10
1381,300.020996,75.655998,2
1382,135.160995,70.848999,6
1383,130.727005,140.968002,20
1384,190.149994,111.043999,-1
1385,548.913025,237.371002,21
1386,64.310997,188.507996,4
1387,172.102997,129.203003,-1
1388,219.970001,275.52301,1
1389,234.742004,258.971008,1
1390,135.666,197.007004,-1
1391,404.695007,80.271004,11
1392,324.102997,159.440994,-1
1393,127.170998,191.600998,-1
1394,377.460999,154.949005,-1
1395,380.540009,217.587997,-1
1396,79.419998,125.943001,19
1397,529.890991,224.225998,-1
1398,342.321014,81.021004,0
1399,98.246002,63.852001,8
1400,375.246002,183.335999,-1
1401,333.18399,252.636002,17
1402,360.924988,79.333,0
1403,221.612,276.345001,1
1404,421.756989,198.973999,-1
1405,88.820999,174.057999,-1
1406,164.503998,275.792999,-1
1407,145.643005,218.158997,22
1408,276.997986,134.233994,7
1409,350.647003,143.445007,-1
1410,152.395004,206.296997,22
1411,424.378998,53.025002,11
1412,105.746002,61.153999,8
1413,105.043999,285.438995,-1
1414,532.999023,84.363998,3
1415,561.789001,194.231995,16
1416,132.860992,117.806999,20
1417,197.910995,186.554001,5
1418,411.014008,129.796997,18
1419,528.26001,115.266998,-1
1420,401.515015,105.445999,24
1421,104.682999,81.703003,8
1422,501.873993,52.792999,12
1423,428.34201,57.021,11
1424,265.192993,181.287003,-1
1425,531.297974,147.712997,9
1426,347.247009,103.042,0
1427,132.516006,80.679001,6
1428,92.503998,119.848,-1
1429,357.048004,50.898998,2
1430,251.755997,249.843994,1
1431,161.740997,51.266998,6
1432,281.803009,130.479004,7
1433,135.514999,240.944,22
1434,225.459,243.694,1
1435,329.981995,125.617996,0
1436,403.945007,192.507996,27
1437,155.453003,53.529999,6
1438,258.398987,249.593994,1
1439,182.104004,244.979004,10
1440,338.617004,104.527,0
1441,156.617996,194.934998,22
1442,515.098022,50.917999,-1
1443,559.783997,125.777,-1
1444,193.653,152.033005,5
1445,488.123993,150.934998,9
1446,309.929993,46.615002,2
1447,149.654999,235.921997,22
1448,397.838989,115.135002,24
1449,83.481003,158.227005,19
1450,424.053986,208.962997,-1
1451,73.174004,141.703003,19
1452,559.867981,158.059006,9
1453,544.979004,153.479004,9
1454,349.959991,277.492004,17
1455,207.115997,100.024002,15
1456,386.377991,180.393997,-1
1457,142.388,178.492996,25
1458,195.945999,193.242996,5
1459,334.283997,248.197006,17
1460,199.274994,276.578003,-1
1461,69.912003,147.278,19
1462,406.503998,198.546997,27
1463,386.127014,276.048004,13
1464,512.843994,64.741997,-1
1465,473.546997,63.403,12
1466,548.906006,87.25,3
1467,84.499001,170.477997,-1
1468,407.984985,111.352997,24
1469,144.240005,237.296997,22
1470,413.303986,176.264008,23
1471,216.136993,147.598999,5
1472,334.346985,110.282997,0
1473,160.128006,152.656006,14
1474,415.46701,81.540001,11
1475,541.557007,170.906006,9
1476,476.329987,61.356998,12
1477,484.955994,163.186996,9
1478,370.632996,263.125,13
1479,77.188004,84.619003,8
1480,159.725006,232.597,22
1481,421.787994,65.191002,11
1482,358.972992,71.460999,2
1483,162.787994,276.151001,-1
1484,262.397003,171.578003,7
1485,281.497009,133.526001,7
1486,150.806,61.886002,6
1487,528.718994,159.160004,9
1488,408.040009,59.625,11
1489,392.417999,207.347,-1
1490,160.688995,56.994999,6
1491,558.210999,222.048004,21
1492,80.839996,71.805,8
1493,318.815002,51.801998,2
1494,420.321991,192.401001,27
1495,380.593994,242.772003,13
1496,393.566986,259.906006,13
1497,358.595001,151.339005,-1
1498,94.279999,53.841999,8
